INSERT INTO public.magacin_user (username, password, role, shopping_cart_id) VALUES ('admin', '$2a$10$Qzn43pYXTNsGROqG/g8DROIg.G9tIaksJK.Qvhj1S/lO5vzd1rlzW', 'ROLE_ADMIN', null);
INSERT INTO public.magacin_user (username, password, role, shopping_cart_id) VALUES ('user', '$2a$10$Hkze3FxI8zxvP/5t5VzXa.kB5zpCqNr5Pw3jrjzK383e8214ltkuO', 'ROLE_USER', null);
INSERT INTO public.manufacturer (id, name) VALUES (100, 'Apple');
INSERT INTO public.manufacturer (id, name) VALUES (101, 'Samsung');
INSERT INTO public.manufacturer (id, name) VALUES (102, 'Lenovo');
INSERT INTO public.manufacturer (id, name) VALUES (103, 'Huawei');
INSERT INTO public.manufacturer (id, name) VALUES (104, 'Amazon');
INSERT INTO public.manufacturer (id, name) VALUES (105, 'Asus');
INSERT INTO public.manufacturer (id, name) VALUES (106, 'Google');
INSERT INTO public.manufacturer (id, name) VALUES (112, 'Dell');
INSERT INTO public.manufacturer (id, name) VALUES (113, 'Sony');
INSERT INTO public.manufacturer (id, name) VALUES (115, 'Epson');
INSERT INTO public.manufacturer (id, name) VALUES (116, 'HP');
INSERT INTO public.manufacturer (id, name) VALUES (117, 'AsRock');
INSERT INTO public.manufacturer (id, name) VALUES (118, 'Asus');
INSERT INTO public.manufacturer (id, name) VALUES (119, 'EVGA');
INSERT INTO public.manufacturer (id, name) VALUES (120, 'Gigabyte');
INSERT INTO public.manufacturer (id, name) VALUES (121, 'MSI');
INSERT INTO public.manufacturer (id, name) VALUES (122, 'Intel');
INSERT INTO public.manufacturer (id, name) VALUES (123, 'AMD');
INSERT INTO public.manufacturer (id, name) VALUES (124, 'Cooler Master');
INSERT INTO public.manufacturer (id, name) VALUES (125, 'Corsair');
INSERT INTO public.manufacturer (id, name) VALUES (126, 'beQuiet');
INSERT INTO public.manufacturer (id, name) VALUES (127, 'Logitech');
INSERT INTO public.manufacturer (id, name) VALUES (128, 'Razer');
INSERT INTO public.manufacturer (id, name) VALUES (129, 'Sharkoon');
INSERT INTO public.manufacturer (id, name) VALUES (131, 'Steelseries');
INSERT INTO public.manufacturer (id, name) VALUES (132, 'Glorious');
INSERT INTO public.manufacturer (id, name) VALUES (133, 'Manufacturer 2');
INSERT INTO public.manufacturer (id, name) VALUES (134, 'Manufacturer 3');
INSERT INTO public.manufacturer (id, name) VALUES (201, 'BenQ');
INSERT INTO public.manufacturer (id, name) VALUES (202, 'SBOX');
INSERT INTO public.manufacturer (id, name) VALUES (203, 'Gembird');
INSERT INTO public.manufacturer (id, name) VALUES (204, 'Kingston');
INSERT INTO public.category (id, name) VALUES (101, 'Tablets');
INSERT INTO public.category (id, name) VALUES (102, 'Mobile Phones');
INSERT INTO public.category (id, name) VALUES (103, 'Monitors, Projectors & equipment');
INSERT INTO public.category (id, name) VALUES (104, 'TV & Equipment');
INSERT INTO public.category (id, name) VALUES (105, 'Printers and scanners');
INSERT INTO public.category (id, name) VALUES (106, 'Motherboards');
INSERT INTO public.category (id, name) VALUES (107, 'Graphics Cards');
INSERT INTO public.category (id, name) VALUES (108, 'RAM Memory');
INSERT INTO public.category (id, name) VALUES (109, 'CPU');
INSERT INTO public.category (id, name) VALUES (110, 'PSU');
INSERT INTO public.category (id, name) VALUES (111, 'Cat for deletion 1');
INSERT INTO public.category (id, name) VALUES (112, 'Cat for deletion 2');
INSERT INTO public.display_warehouse (id, latitude, longitude, name) VALUES (100, 41.99649805422268, 21.415971624983726, 'Warehouse 1');
INSERT INTO public.display_warehouse (id, latitude, longitude, name) VALUES (101, 41.99729290035474, 21.41712374489837, 'Warehouse 2');
INSERT INTO public.display_warehouse (id, latitude, longitude, name) VALUES (102, 41.99496614942284, 21.431296188123895, 'Warehouse 3');
INSERT INTO public.display_warehouse (id, latitude, longitude, name) VALUES (103, 41.97550099873766, 21.442959466652123, 'Warehouse 4');
INSERT INTO public.display_warehouse (id, latitude, longitude, name) VALUES (104, 42.0097909567258, 21.385598397886856, 'Warehouse 5');
INSERT INTO public.warehouse (id, lat, lon, name) VALUES (100, 41.99729290035474, 21.41712374489837, 'Warehouse 1');
INSERT INTO public.warehouse (id, lat, lon, name) VALUES (101, 41.99496614942284, 21.431296188123895, 'Warehouse 2');
INSERT INTO public.warehouse (id, lat, lon, name) VALUES (102, 41.99649805422268, 21.415971624983726, 'Warehouse 3');
INSERT INTO public.warehouse (id, lat, lon, name) VALUES (103, 41.97550099873766, 21.442959466652123, 'Warehouse 4');
INSERT INTO public.warehouse (id, lat, lon, name) VALUES (104, 42.0097909567258, 21.385598397886856, 'Warehouse 5');
INSERT INTO public.item (id, availability, description, image_url, name, price, category_id, manufacturer_id) VALUES (101, false, 'DISPLAY: Type: IPS LCD capacitive touchscreen, 16M colors Size: 8.0 inches Resolution: 800 x 1280 pixels, 16:10 ratio (~189 ppi density) OS: Android 9.0 (Pie), Fire OS 7 Chipset: MediaTek MT8168 (12 nm) CPU: Quad-core 2.0 GHz Cortex-A53', 'https://d1a68gwbwfmqto.cloudfront.net/img/products/full/543161.jpg', 'Amazon Kindle Fire HD 8 2020 32GB/8" IPS 1280x800/2xCam/Black', 5780, 101, 104);
INSERT INTO public.item (id, availability, description, image_url, name, price, category_id, manufacturer_id) VALUES (102, false, 'Network: GSM/HSPA/LTE Dimensions: 250.6x174.1x7.5 mm Weight: 495 g Sim: Single Sim Display Type: Retina IPS LCD Display Size: 10.2", 1620x2160px Chipset: Apple A12 Bionic', 'https://d1a68gwbwfmqto.cloudfront.net/img/products/full/ipad_2020_gold.jpg', 'Apple iPad 8 2020 32GB 10.2" WiFi+Cellular Gold', 29980, 101, 100);
INSERT INTO public.item (id, availability, description, image_url, name, price, category_id, manufacturer_id) VALUES (103, false, '10.1 Inch 1920 x1200 FHD Display HUAWEI Kirin 710A Octa Core Processor (4 × Cortex A73 2.0 GHz + 4 × Cortex A53 1.7 GHz) 3GB + 64GB (Extended storage: microSD Memory Card**, support 512 GB maximum)', 'https://d1a68gwbwfmqto.cloudfront.net/img/products/full/mpt10s.jpg', 'Huawei MatePad T10s LTE 3GB/64GB OctaCore 10.1" FullHD IPS DeepBlue', 9980, 101, 103);
INSERT INTO public.item (id, availability, description, image_url, name, price, category_id, manufacturer_id) VALUES (200, true, 'Description 2', 'https://www.shoestation.com/media/catalog/product/cache/fe6e63bab1cae4e179db48c5bd2833b2/c/r/crocs_classic_10001w_cantaloupe.jpg', 'Item 2', 100, 108, 104);
INSERT INTO public.item (id, availability, description, image_url, name, price, category_id, manufacturer_id) VALUES (300, true, 'Description 3', 'https://5.imimg.com/data5/QR/CO/RD/SELLER-37416541/thanos-toy-figure-for-kids-500x500.jpg', 'Item 3', 101, 112, 104);
INSERT INTO public.item (id, availability, description, image_url, name, price, category_id, manufacturer_id) VALUES (105, false, 'CPU Speed 2.9GHz,2.8GHz,2.2GHz CPU Type Octa-Core Resolution (Main Display) 3200 x 1440 (Quad HD+) Technology (Main Display) Dynamic AMOLED 2X Color Depth (Main Display) 16M', 'https://d1a68gwbwfmqto.cloudfront.net/img/products/full/sm-g998_s21ultra_phantom-black_front_201110.jpg', 'Samsung Galaxy S21 Ultra G998 5G ready 12+128GB Black', 68980, 102, 101);
INSERT INTO public.item (id, availability, description, image_url, name, price, category_id, manufacturer_id) VALUES (106, false, 'Network: GSM/CDMA/HSPA/EVDO/LTE Dimensions: 144x71.4x8.1 mm Weight: 188 g Sim: Single SIM Display Type:Super Retina XDR OLED Display Size: 5.8", 1125x2436px', 'https://d1a68gwbwfmqto.cloudfront.net/img/products/full/mwd92daa_1.jpg', 'iPhone 11 Pro 64GB Space Gray MWC22CNA', 62980, 102, 100);
INSERT INTO public.item (id, availability, description, image_url, name, price, category_id, manufacturer_id) VALUES (104, false, 'Network: GSM/HSPA/LTE Dimensions: 201.5x122.4x8.9 mm Weight: 325 g Sim: Single SIM Display Type: IPS LCD Display Size: 8.0", 1200x1920px Chipset: Exynos 7904', 'https://d1a68gwbwfmqto.cloudfront.net/img/products/full/smp200.jpg', 'Galaxy Tab A P205 LTE OctaCore 1.8GHz/3GB/32GB/8"/S Pen/Black/A9', 16480, 101, 101);
INSERT INTO public.item (id, availability, description, image_url, name, price, category_id, manufacturer_id) VALUES (107, false, 'HUAWEI Kirin 9000 CPU: Octa-core, 1 x Cortex-A77@3.13 GHz + 3 x Cortex-A77@2.54 GHz + 4 x Cortex-A55@2.05 GHz GPU: 24-core Mali-G78 NPU Dual Big Core + Tiny Core NPUs (Neural-network Processing Unit', 'https://d1a68gwbwfmqto.cloudfront.net/img/products/full/mate40pro.jpg', 'Mate 40 Pro 5G 8GB/256GB DualSIM Black', 59480, 102, 103);
INSERT INTO public.item (id, availability, description, image_url, name, price, category_id, manufacturer_id) VALUES (108, false, 'Display Size: 49" 32:9 Resolution: 5,120 x 1,440 @240Hz Response time: 1 ms  Panel type: VA Curved 1000R Brightness: 420cd/m2 Typical, 1000cd/m2 cd/㎡ Peak brightness', 'https://d1a68gwbwfmqto.cloudfront.net/img/products/full/lc49g93tssuxen_1.jpg', 'Monitor 49" LC49G93TSSUXEN Gaming Odyssey G9 QLED HDR,HDMI,2xDP,2xUSB,1ms,240Hz,G-Sync', 88980, 103, 101);
INSERT INTO public.item (id, availability, description, image_url, name, price, category_id, manufacturer_id) VALUES (109, false, 'THE LAST MILE FOR YOUR GAMING SYSTEM AMD FreeSync™ Premium Pro Technology Vesa Certified DisplayHDR™ Native 1500R VA panel 1ms Response Time QHD with 165Hz', 'https://d1a68gwbwfmqto.cloudfront.net/img/products/full/g32qcek_1.jpg', 'Monitor 32" Gigabyte G32QC LED Gaming 1ms, 165Hz, QHD, 8bits/HDR400, 2xHDMI/DP, Curved, Height/Tilt', 22980, 103, 120);
INSERT INTO public.item (id, availability, description, image_url, name, price, category_id, manufacturer_id) VALUES (111, false, 'Projection System‎ - DLP‎ DMD Chip‎ - DC3‎ Native Resolution‎ - 1280 x 800 pixels, 16:10‎ Brightness‎ - 4700 Lumens‎ Contrast Ratio‎ - 13,000:1‎ Display Color‎ - 1.07 Billion Colors‎ Lens‎ - F : 2.42 ~2.97, f : 20.7 ~ 31.05mm‎ Aspect Ratio‎ - Native 16:10', 'https://d1a68gwbwfmqto.cloudfront.net/img/products/full/sw752-1.jpg', 'Projector BenQ SW752 WXGA 13000:1 4700Ansi White', 51980, 103, 101);
INSERT INTO public.item (id, availability, description, image_url, name, price, category_id, manufacturer_id) VALUES (112, false, 'Projection System - 5.8 inch LCD TFT display Native Resolution	 - 	"1280×800， support 720P/1080P" Brightness	 - 	2,800 lumens Contrast Ratio	 - 	1,500:1 Image Flip	 - 	360 degree flip', 'https://d1a68gwbwfmqto.cloudfront.net/img/products/full/mw533.jpg', 'Projector BenQ MS560 4000 Ansi 20000:1 White', 23980, 103, 101);
INSERT INTO public.item (id, availability, description, image_url, name, price, category_id, manufacturer_id) VALUES (113, false, 'Model: KD85XH8096    Screen Size : 85" ( 215cm )  Display resolution : 3840 x2160 /Display Type : LCD / Direct LED  Processor: Quad / Ram : 2GB / Storage :16 GB Picture (processing):Colour Enhancement :TRILUMINOS™ Display,', 'https://d1a68gwbwfmqto.cloudfront.net/img/products/full/xh80.jpg', 'TV Sony KD-85XH8096 85" 4K Ultra HD Smart LED ANDROID/HDMIx4/USBx2/LAN/WiFi/DVB-C-T2-S2', 119990, 104, 113);
INSERT INTO public.item (id, availability, description, image_url, name, price, category_id, manufacturer_id) VALUES (114, false, 'Model :UE50AU7172UXXH ( year 2021 )  Panel type & Size: 50" (126cm), 3.840 x 2.160 @ 50/60Hz (4K), Edge LED Clarity 4K Ultra HD Resolution : 3.840 x 2.160 Renewal Rate 50/60 Hz HDR Type HDRHDR10 +HLG', 'https://d1a68gwbwfmqto.cloudfront.net/img/products/full/260320212059350.jpg', 'TV Samsung 50" UE50AU7172UX Crystal 4K LED Smart HDMI x3/USBx1/DVB- S2/T2', 37990, 104, 101);
INSERT INTO public.item (id, availability, description, image_url, name, price, category_id, manufacturer_id) VALUES (115, false, 'Screen size: 32“ - 55“ Weight capacity: up to 35 kg Vertical tilt: -10 do 15° Horizontal tilt: 180° + 180° + 180° Mounting: VESA 400 x 400 Distance from wall: 63-427 mm', 'https://d1a68gwbwfmqto.cloudfront.net/img/products/full/plb3644.jpg', 'TV Wall Mount SBOX PLB-3644 32"-55" Full Motion', 1590, 104, 102);
INSERT INTO public.item (id, availability, description, image_url, name, price, category_id, manufacturer_id) VALUES (116, false, 'As fast as 5.3 sec Resolution (black) Up to 1200 x 1200 dpi Resolution technology FastRes 1200; 1200 x 1200 dpi Monthly duty cycle Up to 250,000 pages Recommended monthly page volume 5000 to 20,000', 'https://d1a68gwbwfmqto.cloudfront.net/img/products/full/22012021130037terprise_m607dn_printer_1359699.jpg', 'HP LaserJet Enterprise M607dn duplex/ network printer', 35990, 105, 116);
INSERT INTO public.item (id, availability, description, image_url, name, price, category_id, manufacturer_id) VALUES (117, false, 'Print speed black: Normal: Up to 23 ppm First page out (ready) Black: As fast as 8.8 sec Duty cycle (monthly, A4) Up to 50,000 pages per month Recommended monthly page volume 5000', 'https://d1a68gwbwfmqto.cloudfront.net/img/products/full/150420200914331.jpg', 'HP LaserJet MFP A3 M436dn duplex/ network printer', 32990, 105, 116);
INSERT INTO public.item (id, availability, description, image_url, name, price, category_id, manufacturer_id) VALUES (118, false, 'Features FDM 3D printer with single nozzle for use with PLA filament 3.5" touch screen control panel Print preview function (gx format) 16-language package for multilingual operation Auto-aided leveling (sound sensor alarm)', 'https://d1a68gwbwfmqto.cloudfront.net/img/products/full/ff3dp1nf02.jpg', '3D Printer Gembird Flashforge Finder', 29990, 105, 103);
INSERT INTO public.item (id, availability, description, image_url, name, price, category_id, manufacturer_id) VALUES (119, false, 'Scanner Type: Flatbed color scanner with Transparency Unit built-in  Optical Resolution: 4800 dpi with EPSON MatrixCCD®  Hardware Resolution: 4800 x 9600 dpi with Micro Step Drive™ technology  Maximum Resolution: 12,800 dpi', 'https://d1a68gwbwfmqto.cloudfront.net/img/products/full/v370_fca-osr-nn_396x264.jpg', 'Epson Scanner Perfection V370 Photo', 8290, 105, 115);
INSERT INTO public.item (id, availability, description, image_url, name, price, category_id, manufacturer_id) VALUES (120, false, 'Scanner Type: Flatbed color scanner  Optical Sensor: CIS (Contact Image Sensor)  Optical Resolution: 4800 dpi  Hardware Resolution: 4800 x 4800 dpi  Effective Pixels: 40,800 x 56,160 pixels (4800 dpi)', 'https://d1a68gwbwfmqto.cloudfront.net/img/products/full/v19_fca-osr-nn_690x460.jpg', 'Epson Scanner Perfection V19 Flatbed', 4390, 105, 115);
INSERT INTO public.item (id, availability, description, image_url, name, price, category_id, manufacturer_id) VALUES (122, false, 'SOCKET: 1151 CPU (MAX SUPPORT): i9 CHIPSET: Intel® Z390 Chipset DDR4 MEMORY: 4400(OC)/ 4300(OC)/ 4266(OC)/ 4200(OC)/ 4133(OC)/ 4000(OC)/ 3866', 'https://d1a68gwbwfmqto.cloudfront.net/img/products/full/z390gamingedgeac.jpg', 'MB MSI Z390 GAMING EDGE AC LGA1151 DDR4 4400MHz USB3.1 Type-C DP/HDMI Gaming Lan WiFi AC RGB', 11980, 106, 121);
INSERT INTO public.item (id, availability, description, image_url, name, price, category_id, manufacturer_id) VALUES (124, false, 'Chipset Intel® Z590 Express Chipset  Memory 11th Generation Intel® Core™ i9/i7/i5 processors: Support for DDR4 5400 (O.C)/ DDR4 5333(O.C.)/ DDR4 5133(O.C.)/DDR4 5000(O.C.)/4933', 'https://d1a68gwbwfmqto.cloudfront.net/img/products/full/gaz590aorusmaster_1.jpg', 'MB Gigabyte Z590 AORUS MASTER LGA1200 DDR4 5400MHz OC SATA3 3xM.2 WiFi BT USB3.2/Type-C DP', 27990, 106, 120);
INSERT INTO public.item (id, availability, description, image_url, name, price, category_id, manufacturer_id) VALUES (125, false, 'MODEL NAME: GeForce RTX™ 3090 SUPRIM X 24G GRAPHICS PROCESSING UNIT: NVIDIA® GeForce RTX™ 3090 INTERFACE: PCI Express® Gen 4 CORES: 10496 Units CORE CLOCKS: "Extreme Performance: 1875 MHz (Dragon Center), Boost: 1860 MHz (GAMING & SILENT Mode)"', 'https://d1a68gwbwfmqto.cloudfront.net/img/products/full/rtx3090suprimx24g.jpg', 'MSI GeForce RTX 3090 SUPRIM X 24GB GDDR6X HDMI/3xDP DX12U RGB TRI FROZR 2S', 148980, 107, 120);
INSERT INTO public.item (id, availability, description, image_url, name, price, category_id, manufacturer_id) VALUES (126, false, 'MODEL NAME: RX 6700 XT MECH 2X 12G OC GRAPHICS PROCESSING UNIT: Radeon™ RX 6700 XT INTERFACE: PCI Express® Gen 4 CORES: 2560 Units CORE CLOCKS: Boost: Up to 2620 MHz / Game: Up to 2474 MHz', 'https://d1a68gwbwfmqto.cloudfront.net/img/products/full/rx6700xtmech2x.jpg', 'MSI Radeon RX 6700 XT MECH 2X 12GB GDDR6 HDMI/3xDP PCIe 4.0 DX12U TORX Fan 3.0', 56990, 107, 121);
INSERT INTO public.item (id, availability, description, image_url, name, price, category_id, manufacturer_id) VALUES (127, false, '• Capacity per Module: 	16 GB • Type	: DDR4 SDRAM • Number of Modules: 	2 • Number of Pins: 	288 • Bus Speed	: PC4-28800 (DDR4-3600) • Form Factor	: DIMM • Total Capacity	: 32 GB', 'https://d1a68gwbwfmqto.cloudfront.net/img/products/full/840006620778.jpg', 'DIMM 32GB DDR4 3600Mhz Corsair Vengeance PRO RGB CL18 Kit (2x16GB)', 11990, 108, 125);
INSERT INTO public.item (id, availability, description, image_url, name, price, category_id, manufacturer_id) VALUES (128, false, 'FACTORY TIMING PARAMETERS • Default (JEDEC): DDR4-2400 CL17-17-17 @1.2V • XMP Profile #1: DDR4-3600 CL18-22-22 @1.35V • XMP Profile #2: DDR4-3000 CL16-18-18 @1.35V', 'https://d1a68gwbwfmqto.cloudfront.net/img/products/full/furyrgb.jpg', 'DIMM 32GB DDR4 3600MHz Kingston HyperX Fury Black CL18 RGB', 11490, 108, 104);
INSERT INTO public.item (id, availability, description, image_url, name, price, category_id, manufacturer_id) VALUES (129, false, 'Mfr Part Number: BX8069510980XE Essentials: Product Collection: Intel® Core™ X-series Processors Code Name: Products formerly Cascade Lake Vertical Segment: Desktop Processor Number: i9-10980XE Lithography: 14 nm', 'https://d1a68gwbwfmqto.cloudfront.net/img/products/full/i910980xebox_1.jpg', 'CPU Intel Core i9-10980XE Cascade Lake 18-Core 3.0GHz LGA 2066 24.75MB BOX w/o Cooler', 65930, 109, 122);
INSERT INTO public.item (id, availability, description, image_url, name, price, category_id, manufacturer_id) VALUES (130, false, 'AMD Ryzen™ 9 5950X Specifications # of CPU Cores: 16 # of Threads: 32 Base Clock: 3.4GHz Max Boost Clock: Up to 4.9G', 'https://d1a68gwbwfmqto.cloudfront.net/img/products/full/100100000061wof_1.jpg', 'CPU AMD Ryzen 9 5950X 16-Core 3.4GHz AM4 72MB BOX w/o Cooler', 64190, 109, 123);
INSERT INTO public.item (id, availability, description, image_url, name, price, category_id, manufacturer_id) VALUES (131, false, 'WORLD CLASS QUIET AND EFFICIENCY be quiet! Straight Power 11 1000W raises the bar for systems that demand virtually inaudible operation without power quality compromises.', 'https://d1a68gwbwfmqto.cloudfront.net/img/products/full/81o.jpg', 'PSU 1000W BE QUIET! Straight Power 11 80 Plus Gold, Modular, Silent, 13,5cm Fan', 14490, 110, 126);
INSERT INTO public.item (id, availability, description, image_url, name, price, category_id, manufacturer_id) VALUES (132, false, 'Efficient and Safe Quality Components Adjustable Cooling Ultra-Stable Voltage Regulation Fully Modular and Ready for High-Performance Systems', 'https://d1a68gwbwfmqto.cloudfront.net/img/products/full/coolzero_1.jpg', 'https://d1a68gwbwfmqto.cloudfront.net/img/products/full/coolzero_1.jpg', 8190, 110, 129);
INSERT INTO public.item (id, availability, description, image_url, name, price, category_id, manufacturer_id) VALUES (133, false, 'RIVAL 710 Full Immersion Meets Ultimate Performance - OLED screen for on-the-fly in-game stats and crucial notifications - Tactile alerts notify you when your ultimate is ready or your health is low', 'https://d1a68gwbwfmqto.cloudfront.net/img/products/full/62334_1.jpg', 'Mouse SteelSeries Rival 710 OLED screen, Tacile Alerts, Modular, Advanced Gaming', 5790, 111, 131);
INSERT INTO public.item (id, availability, description, image_url, name, price, category_id, manufacturer_id) VALUES (134, false, 'POWER OVERWHELMING INCREDIBLY DEFT. DEADLY ACCURATE. JOIN THE ELITE MORE WAYS TO CUSTOMIZE READY UP FOR MORE ACTION', 'https://d1a68gwbwfmqto.cloudfront.net/img/products/full/rz0102410100r3m1_1.jpg', 'Mouse Razer Naga Trinity Ergonomic MOBA / MMO Gaming Optical RGB Chroma Black', 4990, 111, 128);
INSERT INTO public.item (id, availability, description, image_url, name, price, category_id, manufacturer_id) VALUES (135, false, 'Play Like the pros: Logitech g Partners with many of the world’s top eSports athletes to design the Pro line. The latest g Pro Logitech gaming mouse has been updated with the new hero 16K sensor and a low-friction', 'https://d1a68gwbwfmqto.cloudfront.net/img/products/full/910005441-2.jpg', 'Mouse Logitech Gaming G Pro HERO Black', 3990, 111, 127);
INSERT INTO public.item (id, availability, description, image_url, name, price, category_id, manufacturer_id) VALUES (136, false, 'Design Top Material: Aircraft Grade Aluminum Alloy Frame N-Key Roll Over: 104 Key Anti-Ghosting: 100% Illumination: Dynamic Per Key RGB Illumination', 'https://d1a68gwbwfmqto.cloudfront.net/img/products/full/64626_1.jpg', 'Keyboard SteelSeries Apex PRO Mechanical Gaming OmniPoint Adjustable Switch, OLED, Per-key RGB', 12990, 111, 131);
INSERT INTO public.item (id, availability, description, image_url, name, price, category_id, manufacturer_id) VALUES (137, false, 'SWITCH TYPE: Razer™ Green Mechanical Switch KEY FEEL: Tactile and Clicky SIZES: Tenkeyless LIGHTING: Razer Chroma™ backlighting with 16.8 million customizable color options', 'https://d1a68gwbwfmqto.cloudfront.net/img/products/full/rz0303490100r3m1_1.jpg', 'Keyboard Razer BlackWidow V3 Tenkeyless Mechanical Gaming RGB Chroma Green Switch', 5390, 111, 128);
INSERT INTO public.item (id, availability, description, image_url, name, price, category_id, manufacturer_id) VALUES (138, false, '• USB 2.0 • Mechanical Switch: Gateron Brown* • Removable Switches • Removable Keycaps • ABS Double Injection Keycaps', 'https://d1a68gwbwfmqto.cloudfront.net/img/products/full/compact_2.jpg', 'Keyboard Glorious Modular Mechanical RGB Compact White', 6690, 111, 132);
INSERT INTO public.item (id, availability, description, image_url, name, price, category_id, manufacturer_id) VALUES (139, false, 'Network: GSM/HSPA/LTE Dimensions: 176.3x102.9x8.3 mm Weight: 236 g Sim: Single SIM Display Type: IPS LCD Display Size: 7.0", 600x1024px Chipset: Mediatek MT8765B CPU/GPU: Quad-core/Mali-400', 'https://d1a68gwbwfmqto.cloudfront.net/img/products/full/tb-7305x.jpg', 'Tablet PC Lenovo M7 TB-7305X Quad 1.3GHz/1GB/16GB/WiFi/LTE/BT/7" IPS/Black/Android 8', 6280, 101, 102);
INSERT INTO public.item (id, availability, description, image_url, name, price, category_id, manufacturer_id) VALUES (140, false, 'Processor	 MediaTek MT8163B (4C, 4x A35) Graphics 	Integrated ARM Mali-T720 GPU Display	8" HD (1280x800) IPS Multi-touch	10-point Multi-touch Memory 	1GB ', 'https://d1a68gwbwfmqto.cloudfront.net/img/products/full/11232111820830.jpg', 'Tablet PC Lenovo E8 TB-83041F QuadCore 1GB/16GB/8" IPS 1280x800/5MP cam +2MP front/GPS/BT/A7.0/Black', 6280, 101, 102);
INSERT INTO public.item (id, availability, description, image_url, name, price, category_id, manufacturer_id) VALUES (141, false, 'Network: GSM/HSPA/LTE Dimensions: 151.4x76.2x8.3 mm Weight: 175 g Sim: Dual SIM Display Type: IPS LCD Display Size: 5.5", 1080x1920px', 'https://d1a68gwbwfmqto.cloudfront.net/img/products/full/zenfone3max_3.jpg', 'Asus Zenfone 3 Max ZC553KL 3GB/32GB LTE Dual-SIM Gold', 6980, 102, 105);
INSERT INTO public.item (id, availability, description, image_url, name, price, category_id, manufacturer_id) VALUES (142, false, 'Network: GSM/CDMA/HSPA/LTE/5G Dimensions: 144.7x70.4x8 mm Weight: 151 g Sim: Single SIM Display Type: OLED, 90Hz, HDR10 Display Size: 6.0", 1080x2340px', 'https://d1a68gwbwfmqto.cloudfront.net/img/products/full/google-pixel-5_1.jpg', 'Google Pixel 5 128GB 5G Just Black', 53980, 102, 106);
INSERT INTO public.item (id, availability, description, image_url, name, price, category_id, manufacturer_id) VALUES (143, false, 'EVGA GeForce RTX 3060 Ti FTW3 Ultra Gaming  08G-P5-3667-KR', 'https://setec.mk/image/cache/catalog/Product/17154_0-1000x1000.jpg', 'EVGA GeForce RTX 3060 Ti FTW3 Ultra Gaming, 08G-P5-3667-KR', 64999, 107, 119);
INSERT INTO public.item (id, availability, description, image_url, name, price, category_id, manufacturer_id) VALUES (144, false, ' CoolerMaster V1300, Power Supply 1300 Watts 100% Modular Certif', 'https://setec.mk/image/cache/catalog/Product/23681_0-1000x1000.jpg', 'CoolerMaster V1300', 17299, 110, 124);